<form autocomplete="off" novalidate="novalidate" class="or clearfix" dir="ltr" id="ChildRegistration"> <!--This form was created by transforming a OpenRosa-flavored (X)Form using an XSL stylesheet created by Enketo LLC.--><section class="form-logo"> </section><h3 dir="auto" id="form-title">নবজাতক নিবন্ধন</h3><select id="form-languages" data-default-lang="bn"><option value="bn" data-dir="ltr">Bengali</option> <option value="en" data-dir="ltr">English</option> </select> <section class="or-group " name="/ChildRegistraton/Reg_Newborn"><h4><span lang="bn" class="question-label active" data-itext-id="/ChildRegistraton/Reg_Newborn:label">বাচ্চাকে নিবন্ধন</span><span lang="en" class="question-label " data-itext-id="/ChildRegistraton/Reg_Newborn:label">Child Registration</span></h4><section class="or-repeat " name="/ChildRegistraton/Reg_Newborn"><fieldset class="question simple-select "><fieldset><legend><span lang="bn" class="question-label active" data-itext-id="/ChildRegistraton/Reg_Newborn/Child_Vital_Status:label">বাচ্চার ভাইটাল স্ট্যাটাস</span><span lang="en" class="question-label " data-itext-id="/ChildRegistraton/Reg_Newborn/Child_Vital_Status:label">Child’s vital status</span><span class="required">*</span> </legend><div class="option-wrapper"><label class=""><input type="radio" name="/ChildRegistraton/Reg_Newborn/Child_Vital_Status" data-name="/ChildRegistraton/Reg_Newborn/Child_Vital_Status" value="0" data-required="true()" data-type-xml="select1"/><span lang="bn" class="option-label active" data-itext-id="/ChildRegistraton/Reg_Newborn/Child_Vital_Status/0:label">মারা গেছেন</span><span lang="en" class="option-label " data-itext-id="/ChildRegistraton/Reg_Newborn/Child_Vital_Status/0:label">Deceased</span></label><label class=""><input type="radio" name="/ChildRegistraton/Reg_Newborn/Child_Vital_Status" data-name="/ChildRegistraton/Reg_Newborn/Child_Vital_Status" value="1" data-required="true()" data-type-xml="select1"/><span lang="bn" class="option-label active" data-itext-id="/ChildRegistraton/Reg_Newborn/Child_Vital_Status/1:label">বেঁচে আছেন</span><span lang="en" class="option-label " data-itext-id="/ChildRegistraton/Reg_Newborn/Child_Vital_Status/1:label">Alive</span></label></div></fieldset><span class="or-required-msg active" lang="" data-i18n="constraint.required">This field is required</span></fieldset><label class="question or-branch pre-init non-select "><span lang="bn" class="question-label active" data-itext-id="/ChildRegistraton/Reg_Newborn/Child_Weight:label">জন্মের সময় ওজন (কেজি)</span><span lang="en" class="question-label " data-itext-id="/ChildRegistraton/Reg_Newborn/Child_Weight:label">Child weight after birth (kg)</span><span class="required">*</span><input type="number" name="/ChildRegistraton/Reg_Newborn/Child_Weight" data-required="true()" data-relevant="selected( /ChildRegistraton/Reg_Newborn/Child_Vital_Status ,'1')" data-type-xml="decimal" step="any"/><span class="or-required-msg active" lang="" data-i18n="constraint.required">This field is required</span></label><fieldset class="question simple-select or-branch pre-init "><fieldset><legend><span lang="bn" class="question-label active" data-itext-id="/ChildRegistraton/Reg_Newborn/Premature_Birth:label">অপরিণত জন্ম (৩৭ সপ্তাহের পূর্বে)</span><span lang="en" class="question-label " data-itext-id="/ChildRegistraton/Reg_Newborn/Premature_Birth:label">Premature baby (before 37 week)</span><span class="required">*</span> </legend><div class="option-wrapper"><label class=""><input type="radio" name="/ChildRegistraton/Reg_Newborn/Premature_Birth" data-name="/ChildRegistraton/Reg_Newborn/Premature_Birth" value="0" data-required="true()" data-relevant="selected( /ChildRegistraton/Reg_Newborn/Child_Vital_Status ,'1')" data-type-xml="select1"/><span lang="bn" class="option-label active" data-itext-id="/ChildRegistraton/Reg_Newborn/Premature_Birth/0:label">না</span><span lang="en" class="option-label " data-itext-id="/ChildRegistraton/Reg_Newborn/Premature_Birth/0:label">No</span></label><label class=""><input type="radio" name="/ChildRegistraton/Reg_Newborn/Premature_Birth" data-name="/ChildRegistraton/Reg_Newborn/Premature_Birth" value="1" data-required="true()" data-relevant="selected( /ChildRegistraton/Reg_Newborn/Child_Vital_Status ,'1')" data-type-xml="select1"/><span lang="bn" class="option-label active" data-itext-id="/ChildRegistraton/Reg_Newborn/Premature_Birth/1:label">হ্যাঁ</span><span lang="en" class="option-label " data-itext-id="/ChildRegistraton/Reg_Newborn/Premature_Birth/1:label">Yes</span></label></div></fieldset><span class="or-required-msg active" lang="" data-i18n="constraint.required">This field is required</span></fieldset><fieldset class="question simple-select or-branch pre-init "><fieldset><legend><span lang="bn" class="question-label active" data-itext-id="/ChildRegistraton/Reg_Newborn/Member_Gender:label">বাচ্চার লিঙ্গ</span><span lang="en" class="question-label " data-itext-id="/ChildRegistraton/Reg_Newborn/Member_Gender:label">Gender of baby</span><span class="required">*</span> </legend><div class="option-wrapper"><label class=""><input type="radio" name="/ChildRegistraton/Reg_Newborn/Member_Gender" data-name="/ChildRegistraton/Reg_Newborn/Member_Gender" value="1" data-required="true()" data-relevant="selected( /ChildRegistraton/Reg_Newborn/Child_Vital_Status ,'1')" data-type-xml="select1"/><span lang="bn" class="option-label active" data-itext-id="/ChildRegistraton/Reg_Newborn/Member_Gender/1:label">ছেলে</span><span lang="en" class="option-label " data-itext-id="/ChildRegistraton/Reg_Newborn/Member_Gender/1:label">Male</span></label><label class=""><input type="radio" name="/ChildRegistraton/Reg_Newborn/Member_Gender" data-name="/ChildRegistraton/Reg_Newborn/Member_Gender" value="2" data-required="true()" data-relevant="selected( /ChildRegistraton/Reg_Newborn/Child_Vital_Status ,'1')" data-type-xml="select1"/><span lang="bn" class="option-label active" data-itext-id="/ChildRegistraton/Reg_Newborn/Member_Gender/2:label">মেয়ে</span><span lang="en" class="option-label " data-itext-id="/ChildRegistraton/Reg_Newborn/Member_Gender/2:label">Female</span></label></div></fieldset><span class="or-required-msg active" lang="" data-i18n="constraint.required">This field is required</span></fieldset><fieldset class="question simple-select or-branch pre-init "><fieldset><legend><span lang="bn" class="question-label active" data-itext-id="/ChildRegistraton/Reg_Newborn/Name_Check:label">বাচ্চাটির কি কোন নাম আছে?</span><span lang="en" class="question-label " data-itext-id="/ChildRegistraton/Reg_Newborn/Name_Check:label">Does the child have a name?</span><span class="required">*</span> </legend><div class="option-wrapper"><label class=""><input type="radio" name="/ChildRegistraton/Reg_Newborn/Name_Check" data-name="/ChildRegistraton/Reg_Newborn/Name_Check" value="0" data-required="true()" data-relevant="selected( /ChildRegistraton/Reg_Newborn/Child_Vital_Status ,'1')" data-type-xml="select1"/><span lang="bn" class="option-label active" data-itext-id="/ChildRegistraton/Reg_Newborn/Name_Check/0:label">এখনো না</span><span lang="en" class="option-label " data-itext-id="/ChildRegistraton/Reg_Newborn/Name_Check/0:label">Not yet</span></label><label class=""><input type="radio" name="/ChildRegistraton/Reg_Newborn/Name_Check" data-name="/ChildRegistraton/Reg_Newborn/Name_Check" value="1" data-required="true()" data-relevant="selected( /ChildRegistraton/Reg_Newborn/Child_Vital_Status ,'1')" data-type-xml="select1"/><span lang="bn" class="option-label active" data-itext-id="/ChildRegistraton/Reg_Newborn/Name_Check/1:label">হ্যাঁ</span><span lang="en" class="option-label " data-itext-id="/ChildRegistraton/Reg_Newborn/Name_Check/1:label">Yes</span></label></div></fieldset><span class="or-required-msg active" lang="" data-i18n="constraint.required">This field is required</span></fieldset><label class="question or-branch pre-init non-select "><span lang="bn" class="question-label active" data-itext-id="/ChildRegistraton/Reg_Newborn/Child_Name:label">বাচ্চার নাম</span><span lang="en" class="question-label " data-itext-id="/ChildRegistraton/Reg_Newborn/Child_Name:label">Child Name</span><span class="required">*</span><input type="text" name="/ChildRegistraton/Reg_Newborn/Child_Name" data-required="true()" data-relevant=" /ChildRegistraton/Reg_Newborn/Name_Check ='1'" data-type-xml="string"/><span class="or-required-msg active" lang="" data-i18n="constraint.required">This field is required</span></label><label class="question note or-branch pre-init non-select "><span lang="bn" class="question-label active" data-itext-id="/ChildRegistraton/Reg_Newborn/Member_Age:label">বয়স <span class="or-output" data-value=" /ChildRegistraton/Reg_Newborn/Calc_Age "> </span> মাস</span><span lang="en" class="question-label " data-itext-id="/ChildRegistraton/Reg_Newborn/Member_Age:label">Age <span class="or-output" data-value=" /ChildRegistraton/Reg_Newborn/Calc_Age "> </span> month</span><input type="text" name="/ChildRegistraton/Reg_Newborn/Member_Age" data-relevant="selected( /ChildRegistraton/Reg_Newborn/Child_Vital_Status ,'1')" data-type-xml="string" readonly="readonly"/></label><label class="question or-branch pre-init non-select or-appearance-numbers "><span lang="bn" class="question-label active" data-itext-id="/ChildRegistraton/Reg_Newborn/Mem_BRID:label">জন্ম নিবন্ধন সনদ নং-</span><span lang="en" class="question-label " data-itext-id="/ChildRegistraton/Reg_Newborn/Mem_BRID:label">Birth Registration ID Number</span><span class="required">*</span><span lang="bn" class="or-hint active" data-itext-id="/ChildRegistraton/Reg_Newborn/Mem_BRID:hint">জন্ম নিবন্ধন সনদপত্রের সরকারী নম্বর যেভাবে দেওয়া আছে সেভাবেই ইনপুট দিন।</span><span lang="en" class="or-hint " data-itext-id="/ChildRegistraton/Reg_Newborn/Mem_BRID:hint">Please input the Government ID as displayed on the birth certificate</span><input type="text" name="/ChildRegistraton/Reg_Newborn/Mem_BRID" data-required="true()" data-constraint="regex(., '^(?!0{17})[0-9]{17}$')" data-relevant="selected( /ChildRegistraton/Reg_Newborn/Child_Vital_Status ,'1')" data-type-xml="string"/><span class="or-constraint-msg active" lang="" data-i18n="constraint.invalid">Value not allowed</span><span class="or-required-msg active" lang="" data-i18n="constraint.required">This field is required</span></label><label class="question or-branch pre-init non-select or-appearance-numbers "><span lang="bn" class="question-label active" data-itext-id="/ChildRegistraton/Reg_Newborn/Retype_Mem_BRID:label">জন্ম নিবন্ধন সনদ নম্বরটি পুনরায় লিখুন</span><span lang="en" class="question-label " data-itext-id="/ChildRegistraton/Reg_Newborn/Retype_Mem_BRID:label">Re-Type Birth Registration ID Number</span><span class="required">*</span><span lang="bn" class="or-hint active" data-itext-id="/ChildRegistraton/Reg_Newborn/Retype_Mem_BRID:hint">জন্ম নিবন্ধন নম্বরটি পূনরায় প্রবেশ করান</span><span lang="en" class="or-hint " data-itext-id="/ChildRegistraton/Reg_Newborn/Retype_Mem_BRID:hint">Please re-input the Birth Registration Number</span><input type="text" name="/ChildRegistraton/Reg_Newborn/Retype_Mem_BRID" data-required="true()" data-constraint=".= /ChildRegistraton/Reg_Newborn/Mem_BRID " data-relevant="selected( /ChildRegistraton/Reg_Newborn/Child_Vital_Status ,'1')" data-type-xml="string"/><span class="or-constraint-msg active" lang="" data-i18n="constraint.invalid">Value not allowed</span><span class="or-required-msg active" lang="" data-i18n="constraint.required">This field is required</span></label><label class="question note non-select "><span lang="bn" class="question-label active" data-itext-id="/ChildRegistraton/Reg_Newborn/add_child:label">যদি জীবিত বাচ্চার সংখ্যা একের বেশি হয়, তাহলে '+' অপশনটি নির্বাচন করুন এবং একই প্রক্রিয়ায় পরবর্তী বাচ্চাকে নিবন্ধন করুন</span><span lang="en" class="question-label " data-itext-id="/ChildRegistraton/Reg_Newborn/add_child:label">If there were any additional children born of this pregnancy, select the "+" below to register the next child's vital status.</span><input type="text" name="/ChildRegistraton/Reg_Newborn/add_child" data-type-xml="string" readonly="readonly"/></label> </section><!--end of repeat fieldset with name /ChildRegistraton/Reg_Newborn--> </section><!--end of group --> <fieldset id="or-preload-items" style="display:none;"><label class="calculation non-select "><input type="hidden" name="/ChildRegistraton/Today" data-preload="date" data-preload-params="today" data-type-xml="date"/></label><label class="calculation non-select "><input type="hidden" name="/ChildRegistraton/start" data-preload="timestamp" data-preload-params="start" data-type-xml="dateTime"/></label><label class="calculation non-select "><input type="hidden" name="/ChildRegistraton/end" data-preload="timestamp" data-preload-params="end" data-type-xml="dateTime"/></label></fieldset><fieldset id="or-calculated-items" style="display:none;"><label class="calculation non-select "><input type="hidden" name="/ChildRegistraton/Reg_Newborn/Mem_F_Name" data-relevant="selected( /ChildRegistraton/Reg_Newborn/Child_Vital_Status ,'1')" data-calculate="if(( /ChildRegistraton/Reg_Newborn/Name_Check ='0' and /ChildRegistraton/Reg_Newborn/Member_Gender ='1'), 'Baby Boy', if( /ChildRegistraton/Reg_Newborn/Name_Check ='1', /ChildRegistraton/Reg_Newborn/Child_Name , if(( /ChildRegistraton/Reg_Newborn/Name_Check ='0' and /ChildRegistraton/Reg_Newborn/Member_Gender ='2'), 'Baby Girl', 'Baby')))" data-type-xml="string"/></label><label class="calculation non-select "><input type="hidden" name="/ChildRegistraton/Reg_Newborn/Mem_L_Name" data-relevant="selected( /ChildRegistraton/Reg_Newborn/Child_Vital_Status ,'1')" data-calculate="&quot;.&quot;" data-type-xml="string"/></label><label class="calculation non-select "><input type="hidden" name="/ChildRegistraton/Reg_Newborn/Member_Birth_Date" data-relevant="selected( /ChildRegistraton/Reg_Newborn/Child_Vital_Status ,'1')" data-calculate="format-date(date( /ChildRegistraton/existing_DOO ), '%Y-%n-%e')" data-type-xml="string"/></label><label class="calculation non-select "><input type="hidden" name="/ChildRegistraton/Reg_Newborn/Calc_Age" data-relevant="selected( /ChildRegistraton/Reg_Newborn/Child_Vital_Status ,'1')" data-calculate="int(( /ChildRegistraton/Today - /ChildRegistraton/Reg_Newborn/Member_Birth_Date ) div 365.25)" data-type-xml="string"/></label><label class="calculation non-select "><input type="hidden" name="/ChildRegistraton/Reg_Newborn/Mem_BRID_Concept" data-relevant="selected( /ChildRegistraton/Reg_Newborn/Child_Vital_Status ,'1')" data-calculate=" /ChildRegistraton/Reg_Newborn/Retype_Mem_BRID " data-type-xml="string"/></label><label class="calculation non-select "><input type="hidden" name="/ChildRegistraton/Reg_Newborn/Member_GoB_HHID" data-relevant="selected( /ChildRegistraton/Reg_Newborn/Child_Vital_Status ,'1')" data-calculate=" /ChildRegistraton/existing_GoB_HHID " data-type-xml="string"/></label><label class="calculation non-select "><input type="hidden" name="/ChildRegistraton/Reg_Newborn/Member_Reg_Date" data-relevant="selected( /ChildRegistraton/Reg_Newborn/Child_Vital_Status ,'1')" data-calculate=" /ChildRegistraton/existing_Visit_Date " data-type-xml="string"/></label><label class="calculation non-select "><input type="hidden" name="/ChildRegistraton/Reg_Newborn/Mem_Mobile_Number" data-relevant="selected( /ChildRegistraton/Reg_Newborn/Child_Vital_Status ,'1')" data-calculate=" /ChildRegistraton/existing_ELCO_Mobile_Number " data-type-xml="string"/></label><label class="calculation non-select "><input type="hidden" name="/ChildRegistraton/Reg_Newborn/Mem_Country" data-relevant="selected( /ChildRegistraton/Reg_Newborn/Child_Vital_Status ,'1')" data-calculate=" /ChildRegistraton/existing_Country " data-type-xml="string"/></label><label class="calculation non-select "><input type="hidden" name="/ChildRegistraton/Reg_Newborn/Mem_Division" data-relevant="selected( /ChildRegistraton/Reg_Newborn/Child_Vital_Status ,'1')" data-calculate=" /ChildRegistraton/existing_Division " data-type-xml="string"/></label><label class="calculation non-select "><input type="hidden" name="/ChildRegistraton/Reg_Newborn/Mem_District" data-relevant="selected( /ChildRegistraton/Reg_Newborn/Child_Vital_Status ,'1')" data-calculate=" /ChildRegistraton/existing_District " data-type-xml="string"/></label><label class="calculation non-select "><input type="hidden" name="/ChildRegistraton/Reg_Newborn/Mem_Upazilla" data-relevant="selected( /ChildRegistraton/Reg_Newborn/Child_Vital_Status ,'1')" data-calculate=" /ChildRegistraton/existing_Upazilla " data-type-xml="string"/></label><label class="calculation non-select "><input type="hidden" name="/ChildRegistraton/Reg_Newborn/Mem_Union" data-relevant="selected( /ChildRegistraton/Reg_Newborn/Child_Vital_Status ,'1')" data-calculate=" /ChildRegistraton/existing_Union " data-type-xml="string"/></label><label class="calculation non-select "><input type="hidden" name="/ChildRegistraton/Reg_Newborn/Mem_Ward" data-relevant="selected( /ChildRegistraton/Reg_Newborn/Child_Vital_Status ,'1')" data-calculate=" /ChildRegistraton/existing_Ward " data-type-xml="string"/></label><label class="calculation non-select "><input type="hidden" name="/ChildRegistraton/Reg_Newborn/Mem_Subunit" data-relevant="selected( /ChildRegistraton/Reg_Newborn/Child_Vital_Status ,'1')" data-calculate=" /ChildRegistraton/existing_Subunit " data-type-xml="string"/></label><label class="calculation non-select "><input type="hidden" name="/ChildRegistraton/Reg_Newborn/Mem_Mauzapara" data-relevant="selected( /ChildRegistraton/Reg_Newborn/Child_Vital_Status ,'1')" data-calculate=" /ChildRegistraton/existing_Mauzapara " data-type-xml="string"/></label><label class="calculation non-select "><input type="hidden" name="/ChildRegistraton/Reg_Newborn/Mem_Village_Name" data-relevant="selected( /ChildRegistraton/Reg_Newborn/Child_Vital_Status ,'1')" data-calculate=" /ChildRegistraton/existing_Final_Vill " data-type-xml="string"/></label><label class="calculation non-select "><input type="hidden" name="/ChildRegistraton/Reg_Newborn/Mem_GPS" data-relevant="selected( /ChildRegistraton/Reg_Newborn/Child_Vital_Status ,'1')" data-calculate=" /ChildRegistraton/existing_GPS " data-type-xml="string"/></label><label class="calculation non-select "><input type="hidden" name="/ChildRegistraton/Reg_Newborn/mother_UUID" data-calculate=" /ChildRegistraton/mother_relational_ID " data-type-xml="string"/></label><label class="calculation non-select "><input type="hidden" name="/ChildRegistraton/Reg_Newborn/Child_Mother" data-calculate=" /ChildRegistraton/existing_Mem_F_Name " data-type-xml="string"/></label><label class="calculation non-select "><input type="hidden" name="/ChildRegistraton/Reg_Newborn/Child_Father" data-calculate=" /ChildRegistraton/existing_Spouse_Name " data-type-xml="string"/></label><label class="calculation non-select "><input type="hidden" name="/ChildRegistraton/Reg_Newborn/Child" data-calculate="&quot;1&quot;" data-type-xml="string"/></label><label class="calculation non-select "><input type="hidden" name="/ChildRegistraton/Reg_Newborn/Nutrition" data-calculate="if( /ChildRegistraton/Reg_Newborn/Child ='1','1','0')" data-type-xml="string"/></label><label class="calculation non-select "><input type="hidden" name="/ChildRegistraton/meta/instanceID" data-calculate="concat('uuid:', uuid())" data-type-xml="string"/></label><label class="calculation non-select "><input type="hidden" name="/ChildRegistraton/formhub/uuid" data-calculate="'8430c250ac08415f9abde2ed808f308a'" data-type-xml="string"/></label></fieldset></form>
